insert into authors (id, photo, slug, name, description) values (1, 'https://robohash.org/doloresveroin.png?size=250x250&set=set1', 'authors-s0w-598', 'Dean Hirth', 'Aliquam non mauris. Morbi non lectus. Aliquam sit amet diam in magna bibendum imperdiet. Nullam orci pede, venenatis non, sodales sed, tincidunt eu, felis. Fusce posuere felis sed lacus. Morbi sem mauris, laoreet ut, rhoncus aliquet, pulvinar sed, nisl.');
insert into authors (id, photo, slug, name, description) values (2, 'https://robohash.org/voluptasmolestiaevoluptatem.png?size=250x250&set=set1', 'authors-1a3-852', 'Brunhilda Fernanando', 'Quisque porta volutpat erat. Quisque erat eros, viverra eget, congue eget, semper rutrum, nulla. Nunc purus. Phasellus in felis. Donec semper sapien a libero. Nam dui.');
insert into authors (id, photo, slug, name, description) values (3, 'https://robohash.org/temporedoloretotam.png?size=250x250&set=set1', 'authors-629-814', 'Gigi McTaggart', 'Praesent lectus. Vestibulum quam sapien, varius ut, blandit non, interdum in, ante. Vestibulum ante ipsum primis in faucibus orci luctus et ultrices posuere cubilia Curae; Duis faucibus accumsan odio. Curabitur convallis. Duis consequat dui nec nisi volutpat eleifend. Donec ut dolor.');
insert into authors (id, photo, slug, name, description) values (4, 'https://robohash.org/avoluptatumipsam.png?size=250x250&set=set1', 'authors-bgi-960', 'Cletus Coghlin', 'Vestibulum rutrum rutrum neque. Aenean auctor gravida sem. Praesent id massa id nisl venenatis lacinia. Aenean sit amet justo. Morbi ut odio.');
insert into authors (id, photo, slug, name, description) values (5, 'https://robohash.org/utinciduntquas.png?size=250x250&set=set1', 'authors-sn8-630', 'Belva Turnpenny', 'Cum sociis natoque penatibus et magnis dis parturient montes, nascetur ridiculus mus. Etiam vel augue. Vestibulum rutrum rutrum neque. Aenean auctor gravida sem. Praesent id massa id nisl venenatis lacinia.');
insert into authors (id, photo, slug, name, description) values (6, 'https://robohash.org/etblanditiisvoluptas.png?size=250x250&set=set1', 'authors-wfz-810', 'Valencia Coutthart', 'Fusce lacus purus, aliquet at, feugiat non, pretium quis, lectus. Suspendisse potenti. In eleifend quam a odio. In hac habitasse platea dictumst. Maecenas ut massa quis augue luctus tincidunt.');
insert into authors (id, photo, slug, name, description) values (7, 'https://robohash.org/doloretquis.png?size=250x250&set=set1', 'authors-utp-933', 'Mildred Kernocke', 'Donec semper sapien a libero. Nam dui. Proin leo odio, porttitor id, consequat in, consequat ut, nulla. Sed accumsan felis. Ut at dolor quis odio consequat varius.');
insert into authors (id, photo, slug, name, description) values (8, 'https://robohash.org/veniamaperiamquod.png?size=250x250&set=set1', 'authors-4a0-846', 'Cindy Marklund', 'In blandit ultrices enim. Lorem ipsum dolor sit amet, consectetuer adipiscing elit. Proin interdum mauris non ligula pellentesque ultrices. Phasellus id sapien in sapien iaculis congue. Vivamus metus arcu, adipiscing molestie, hendrerit at, vulputate vitae, nisl.');
insert into authors (id, photo, slug, name, description) values (9, 'https://robohash.org/optioanobis.png?size=250x250&set=set1', 'authors-7jg-438', 'Inna Cavalier', 'Etiam vel augue. Vestibulum rutrum rutrum neque. Aenean auctor gravida sem. Praesent id massa id nisl venenatis lacinia. Aenean sit amet justo.');
insert into authors (id, photo, slug, name, description) values (10, 'https://robohash.org/verodoloribusfuga.png?size=250x250&set=set1', 'authors-okq-069', 'Demetria Ghidini', 'Fusce posuere felis sed lacus. Morbi sem mauris, laoreet ut, rhoncus aliquet, pulvinar sed, nisl. Nunc rhoncus dui vel sem. Sed sagittis. Nam congue, risus semper porta volutpat, quam pede lobortis ligula, sit amet eleifend pede libero quis orci.');
insert into authors (id, photo, slug, name, description) values (11, 'https://robohash.org/adfugiatlibero.png?size=250x250&set=set1', 'authors-5m5-217', 'Elliott Loughlan', 'Proin interdum mauris non ligula pellentesque ultrices. Phasellus id sapien in sapien iaculis congue. Vivamus metus arcu, adipiscing molestie, hendrerit at, vulputate vitae, nisl. Aenean lectus. Pellentesque eget nunc. Donec quis orci eget orci vehicula condimentum.');
insert into authors (id, photo, slug, name, description) values (12, 'https://robohash.org/esseomnisfacilis.png?size=250x250&set=set1', 'authors-wbv-033', 'Arvie Deners', 'Cum sociis natoque penatibus et magnis dis parturient montes, nascetur ridiculus mus. Etiam vel augue. Vestibulum rutrum rutrum neque. Aenean auctor gravida sem. Praesent id massa id nisl venenatis lacinia. Aenean sit amet justo.');
insert into authors (id, photo, slug, name, description) values (13, 'https://robohash.org/etofficiasunt.png?size=250x250&set=set1', 'authors-keh-288', 'Costa Battrum', 'Proin interdum mauris non ligula pellentesque ultrices. Phasellus id sapien in sapien iaculis congue. Vivamus metus arcu, adipiscing molestie, hendrerit at, vulputate vitae, nisl. Aenean lectus. Pellentesque eget nunc.');
insert into authors (id, photo, slug, name, description) values (14, 'https://robohash.org/autetconsequatur.png?size=250x250&set=set1', 'authors-zlk-693', 'Isiahi Dossetter', 'Vestibulum ante ipsum primis in faucibus orci luctus et ultrices posuere cubilia Curae; Nulla dapibus dolor vel est. Donec odio justo, sollicitudin ut, suscipit a, feugiat et, eros. Vestibulum ac est lacinia nisi venenatis tristique. Fusce congue, diam id ornare imperdiet, sapien urna pretium nisl, ut volutpat sapien arcu sed augue. Aliquam erat volutpat. In congue.');
insert into authors (id, photo, slug, name, description) values (15, 'https://robohash.org/voluptateautsoluta.png?size=250x250&set=set1', 'authors-v4p-010', 'Myrlene O''Carney', 'In est risus, auctor sed, tristique in, tempus sit amet, sem. Fusce consequat. Nulla nisl. Nunc nisl. Duis bibendum, felis sed interdum venenatis, turpis enim blandit mi, in porttitor pede justo eu massa. Donec dapibus.');
insert into authors (id, photo, slug, name, description) values (16, 'https://robohash.org/aliquammaioresquae.png?size=250x250&set=set1', 'authors-zi3-348', 'Elsinore Mincher', 'Vestibulum ante ipsum primis in faucibus orci luctus et ultrices posuere cubilia Curae; Nulla dapibus dolor vel est. Donec odio justo, sollicitudin ut, suscipit a, feugiat et, eros. Vestibulum ac est lacinia nisi venenatis tristique. Fusce congue, diam id ornare imperdiet, sapien urna pretium nisl, ut volutpat sapien arcu sed augue. Aliquam erat volutpat. In congue.');
insert into authors (id, photo, slug, name, description) values (17, 'https://robohash.org/itaquesitea.png?size=250x250&set=set1', 'authors-pgi-937', 'Ulla Ratnage', 'Vestibulum ac est lacinia nisi venenatis tristique. Fusce congue, diam id ornare imperdiet, sapien urna pretium nisl, ut volutpat sapien arcu sed augue. Aliquam erat volutpat. In congue. Etiam justo.');
insert into authors (id, photo, slug, name, description) values (18, 'https://robohash.org/voluptasmaximeet.png?size=250x250&set=set1', 'authors-tb9-840', 'Susanna Powland', 'Pellentesque at nulla. Suspendisse potenti. Cras in purus eu magna vulputate luctus. Cum sociis natoque penatibus et magnis dis parturient montes, nascetur ridiculus mus. Vivamus vestibulum sagittis sapien. Cum sociis natoque penatibus et magnis dis parturient montes, nascetur ridiculus mus.');
insert into authors (id, photo, slug, name, description) values (19, 'https://robohash.org/quosteneturid.png?size=250x250&set=set1', 'authors-3aa-130', 'Sheilah Gile', 'Cum sociis natoque penatibus et magnis dis parturient montes, nascetur ridiculus mus. Etiam vel augue. Vestibulum rutrum rutrum neque. Aenean auctor gravida sem. Praesent id massa id nisl venenatis lacinia.');
insert into authors (id, photo, slug, name, description) values (20, 'https://robohash.org/blanditiiscumqueipsum.png?size=250x250&set=set1', 'authors-kng-050', 'Mariellen Henningham', 'Nulla mollis molestie lorem. Quisque ut erat. Curabitur gravida nisi at nibh. In hac habitasse platea dictumst. Aliquam augue quam, sollicitudin vitae, consectetuer eget, rutrum at, lorem. Integer tincidunt ante vel ipsum.');
insert into authors (id, photo, slug, name, description) values (21, 'https://robohash.org/utquirepellendus.png?size=250x250&set=set1', 'authors-t16-153', 'Bili Wignall', 'Phasellus in felis. Donec semper sapien a libero. Nam dui. Proin leo odio, porttitor id, consequat in, consequat ut, nulla. Sed accumsan felis. Ut at dolor quis odio consequat varius.');

insert into books (id, pub_date, is_bestseller,  slug, title, image, description, price, discount) values (1, '19/08/2013', 0, 'book-864-ihm', 'Troy', 'http://dummyimage.com/430x619.png/5fa2dd/ffffff', 'Donec vitae nisi. Nam ultrices, libero non mattis pulvinar, nulla pede ullamcorper augue, a suscipit nulla elit ac nulla. Sed vel enim sit amet nunc viverra dapibus. Nulla suscipit ligula in lacus. Curabitur at ipsum ac tellus semper interdum.', 361, 0);
insert into books (id, pub_date, is_bestseller,  slug, title, image, description, price, discount) values (2, '15/07/2020', 1, 'book-308-axq', 'In Your Hands', 'http://dummyimage.com/585x723.png/ff4444/ffffff', 'Fusce congue, diam id ornare imperdiet, sapien urna pretium nisl, ut volutpat sapien arcu sed augue. Aliquam erat volutpat. In congue. Etiam justo. Etiam pretium iaculis justo. In hac habitasse platea dictumst.', 963, 0);
insert into books (id, pub_date, is_bestseller,  slug, title, image, description, price, discount) values (3, '13/08/2017', 1, 'book-165-bcl', 'Providence', 'http://dummyimage.com/713x755.png/cc0000/ffffff', 'Sed ante. Vivamus tortor. Duis mattis egestas metus. Aenean fermentum. Donec ut mauris eget massa tempor convallis.', 286, 0.31);
insert into books (id, pub_date, is_bestseller,  slug, title, image, description, price, discount) values (4, '11/07/2011', 1, 'book-634-hpt', 'Ivan the Terrible, Part One (Ivan Groznyy I)', 'http://dummyimage.com/254x697.png/5fa2dd/ffffff', 'Quisque ut erat. Curabitur gravida nisi at nibh. In hac habitasse platea dictumst. Aliquam augue quam, sollicitudin vitae, consectetuer eget, rutrum at, lorem. Integer tincidunt ante vel ipsum. Praesent blandit lacinia erat.', 1204, 0.27);
insert into books (id, pub_date, is_bestseller,  slug, title, image, description, price, discount) values (5, '24/08/2013', 1, 'book-472-qeu', 'Penny Serenade', 'http://dummyimage.com/273x288.png/cc0000/ffffff', 'Vestibulum ante ipsum primis in faucibus orci luctus et ultrices posuere cubilia Curae; Donec pharetra, magna vestibulum aliquet ultrices, erat tortor sollicitudin mi, sit amet lobortis sapien sapien non mi. Integer ac neque. Duis bibendum. Morbi non quam nec dui luctus rutrum. Nulla tellus.', 1326, 0.45);
insert into books (id, pub_date, is_bestseller,  slug, title, image, description, price, discount) values (6, '16/02/2015', 1, 'book-918-hrf', 'Silencers, The', 'http://dummyimage.com/649x790.png/cc0000/ffffff', 'Morbi non lectus. Aliquam sit amet diam in magna bibendum imperdiet. Nullam orci pede, venenatis non, sodales sed, tincidunt eu, felis. Fusce posuere felis sed lacus. Morbi sem mauris, laoreet ut, rhoncus aliquet, pulvinar sed, nisl. Nunc rhoncus dui vel sem.', 968, 0.25);
insert into books (id, pub_date, is_bestseller,  slug, title, image, description, price, discount) values (7, '05/06/2021', 0, 'book-951-dlt', 'Above the Rim', 'http://dummyimage.com/444x514.png/cc0000/ffffff', 'Duis aliquam convallis nunc. Proin at turpis a pede posuere nonummy. Integer non velit. Donec diam neque, vestibulum eget, vulputate ut, ultrices vel, augue. Vestibulum ante ipsum primis in faucibus orci luctus et ultrices posuere cubilia Curae; Donec pharetra, magna vestibulum aliquet ultrices, erat tortor sollicitudin mi, sit amet lobortis sapien sapien non mi.', 554, 0.3);
insert into books (id, pub_date, is_bestseller,  slug, title, image, description, price, discount) values (8, '21/08/2014', 1, 'book-556-psd', 'Eden', 'http://dummyimage.com/608x794.png/ff4444/ffffff', 'Nunc nisl. Duis bibendum, felis sed interdum venenatis, turpis enim blandit mi, in porttitor pede justo eu massa. Donec dapibus. Duis at velit eu est congue elementum. In hac habitasse platea dictumst. Morbi vestibulum, velit id pretium iaculis, diam erat fermentum justo, nec condimentum neque sapien placerat ante.', 2168, 0.34);
insert into books (id, pub_date, is_bestseller,  slug, title, image, description, price, discount) values (9, '08/04/2011', 1, 'book-896-jiw', 'Without Limits', 'http://dummyimage.com/310x288.png/5fa2dd/ffffff', 'Nullam porttitor lacus at turpis. Donec posuere metus vitae ipsum. Aliquam non mauris. Morbi non lectus. Aliquam sit amet diam in magna bibendum imperdiet.', 208, 0.39);
insert into books (id, pub_date, is_bestseller,  slug, title, image, description, price, discount) values (10, '23/11/2018', 0, 'book-039-vmf', 'What Men Talk About', 'http://dummyimage.com/601x580.png/5fa2dd/ffffff', 'Nulla ac enim. In tempor, turpis nec euismod scelerisque, quam turpis adipiscing lorem, vitae mattis nibh ligula nec sem. Duis aliquam convallis nunc. Proin at turpis a pede posuere nonummy. Integer non velit. Donec diam neque, vestibulum eget, vulputate ut, ultrices vel, augue.', 889, 0.45);
insert into books (id, pub_date, is_bestseller,  slug, title, image, description, price, discount) values (11, '12/06/2012', 1, 'book-493-gtm', 'Cape No. 7 (Hái-kak chhit-ho)', 'http://dummyimage.com/382x515.png/dddddd/000000', 'Cras mi pede, malesuada in, imperdiet et, commodo vulputate, justo. In blandit ultrices enim. Lorem ipsum dolor sit amet, consectetuer adipiscing elit. Proin interdum mauris non ligula pellentesque ultrices. Phasellus id sapien in sapien iaculis congue.', 933, 0);
insert into books (id, pub_date, is_bestseller,  slug, title, image, description, price, discount) values (12, '20/02/2015', 1, 'book-716-huo', 'Dish, The', 'http://dummyimage.com/391x742.png/cc0000/ffffff', 'Etiam justo. Etiam pretium iaculis justo. In hac habitasse platea dictumst. Etiam faucibus cursus urna. Ut tellus. Nulla ut erat id mauris vulputate elementum.', 1587, 0.24);
insert into books (id, pub_date, is_bestseller,  slug, title, image, description, price, discount) values (13, '08/10/2017', 1, 'book-574-nza', 'Into the White (Cross of Honour)', 'http://dummyimage.com/476x702.png/5fa2dd/ffffff', 'Fusce consequat. Nulla nisl. Nunc nisl. Duis bibendum, felis sed interdum venenatis, turpis enim blandit mi, in porttitor pede justo eu massa. Donec dapibus. Duis at velit eu est congue elementum.', 1363, 0);
insert into books (id, pub_date, is_bestseller,  slug, title, image, description, price, discount) values (14, '23/07/2020', 0, 'book-638-jtf', 'Ramona and Beezus', 'http://dummyimage.com/263x617.png/ff4444/ffffff', 'Maecenas ut massa quis augue luctus tincidunt. Nulla mollis molestie lorem. Quisque ut erat. Curabitur gravida nisi at nibh. In hac habitasse platea dictumst.', 795, 0.42);
insert into books (id, pub_date, is_bestseller,  slug, title, image, description, price, discount) values (15, '30/04/2016', 0, 'book-173-bnm', 'No Time for Comedy', 'http://dummyimage.com/765x677.png/cc0000/ffffff', 'Vivamus vel nulla eget eros elementum pellentesque. Quisque porta volutpat erat. Quisque erat eros, viverra eget, congue eget, semper rutrum, nulla. Nunc purus. Phasellus in felis.', 354, 0);
insert into books (id, pub_date, is_bestseller,  slug, title, image, description, price, discount) values (16, '31/01/2012', 0, 'book-116-raf', 'Fall of the House of Usher, The (Zánik domu Usheru)', 'http://dummyimage.com/475x554.png/dddddd/000000', 'Integer pede justo, lacinia eget, tincidunt eget, tempus vel, pede. Morbi porttitor lorem id ligula. Suspendisse ornare consequat lectus. In est risus, auctor sed, tristique in, tempus sit amet, sem. Fusce consequat.', 1328, 0.5);
insert into books (id, pub_date, is_bestseller,  slug, title, image, description, price, discount) values (17, '06/03/2013', 0, 'book-622-vjq', 'Running from Crazy', 'http://dummyimage.com/718x311.png/cc0000/ffffff', 'Quisque id justo sit amet sapien dignissim vestibulum. Vestibulum ante ipsum primis in faucibus orci luctus et ultrices posuere cubilia Curae; Nulla dapibus dolor vel est. Donec odio justo, sollicitudin ut, suscipit a, feugiat et, eros. Vestibulum ac est lacinia nisi venenatis tristique. Fusce congue, diam id ornare imperdiet, sapien urna pretium nisl, ut volutpat sapien arcu sed augue.', 1845, 0.18);
insert into books (id, pub_date, is_bestseller,  slug, title, image, description, price, discount) values (18, '03/05/2022', 1, 'book-824-iln', 'Zero Motivation (Efes beyahasei enosh)', 'http://dummyimage.com/654x599.png/cc0000/ffffff', 'Quisque porta volutpat erat. Quisque erat eros, viverra eget, congue eget, semper rutrum, nulla. Nunc purus. Phasellus in felis. Donec semper sapien a libero.', 163, 0.49);
insert into books (id, pub_date, is_bestseller,  slug, title, image, description, price, discount) values (19, '25/06/2015', 1, 'book-290-ynd', 'What Dreams May Come', 'http://dummyimage.com/290x363.png/cc0000/ffffff', 'Donec semper sapien a libero. Nam dui. Proin leo odio, porttitor id, consequat in, consequat ut, nulla. Sed accumsan felis. Ut at dolor quis odio consequat varius. Integer ac leo.', 859, 0.42);
insert into books (id, pub_date, is_bestseller,  slug, title, image, description, price, discount) values (20, '24/08/2012', 1, 'book-198-nak', 'War of the Gargantuas, The (Furankenshutain no kaijû: Sanda tai Gaira)', 'http://dummyimage.com/286x698.png/cc0000/ffffff', 'Donec ut mauris eget massa tempor convallis. Nulla neque libero, convallis eget, eleifend luctus, ultricies eu, nibh. Quisque id justo sit amet sapien dignissim vestibulum. Vestibulum ante ipsum primis in faucibus orci luctus et ultrices posuere cubilia Curae; Nulla dapibus dolor vel est. Donec odio justo, sollicitudin ut, suscipit a, feugiat et, eros.', 291, 0.34);
insert into books (id, pub_date, is_bestseller,  slug, title, image, description, price, discount) values (21, '15/01/2016', 1, 'book-646-kkh', 'Beethoven''s 5th', 'http://dummyimage.com/371x775.png/5fa2dd/ffffff', 'Maecenas tincidunt lacus at velit. Vivamus vel nulla eget eros elementum pellentesque. Quisque porta volutpat erat. Quisque erat eros, viverra eget, congue eget, semper rutrum, nulla. Nunc purus.', 810, 0);
insert into books (id, pub_date, is_bestseller,  slug, title, image, description, price, discount) values (22, '25/03/2012', 1, 'book-136-efu', 'Boudu Saved From Drowning (Boudu sauvé des eaux)', 'http://dummyimage.com/345x749.png/5fa2dd/ffffff', 'Pellentesque viverra pede ac diam. Cras pellentesque volutpat dui. Maecenas tristique, est et tempus semper, est quam pharetra magna, ac consequat metus sapien ut nunc. Vestibulum ante ipsum primis in faucibus orci luctus et ultrices posuere cubilia Curae; Mauris viverra diam vitae quam. Suspendisse potenti.', 652, 0.16);
insert into books (id, pub_date, is_bestseller,  slug, title, image, description, price, discount) values (23, '20/02/2011', 1, 'book-445-tvq', ' Days of Summer', 'http://dummyimage.com/588x325.png/5fa2dd/ffffff', 'Phasellus in felis. Donec semper sapien a libero. Nam dui. Proin leo odio, porttitor id, consequat in, consequat ut, nulla. Sed accumsan felis.', 2122, 0.28);
insert into books (id, pub_date, is_bestseller,  slug, title, image, description, price, discount) values (24, '15/02/2014', 0, 'book-044-fqy', 'Daffy Duck''s Quackbusters', 'http://dummyimage.com/362x690.png/ff4444/ffffff', 'Sed ante. Vivamus tortor. Duis mattis egestas metus. Aenean fermentum. Donec ut mauris eget massa tempor convallis. Nulla neque libero, convallis eget, eleifend luctus, ultricies eu, nibh.', 1426, 0.48);
insert into books (id, pub_date, is_bestseller,  slug, title, image, description, price, discount) values (25, '21/01/2013', 1, 'book-062-dor', 'Moonbase', 'http://dummyimage.com/763x303.png/cc0000/ffffff', 'Vestibulum ante ipsum primis in faucibus orci luctus et ultrices posuere cubilia Curae; Donec pharetra, magna vestibulum aliquet ultrices, erat tortor sollicitudin mi, sit amet lobortis sapien sapien non mi. Integer ac neque. Duis bibendum. Morbi non quam nec dui luctus rutrum. Nulla tellus.', 1245, 0.24);
insert into books (id, pub_date, is_bestseller,  slug, title, image, description, price, discount) values (26, '16/05/2021', 0, 'book-045-ixs', 'Like Sunday, Like Rain', 'http://dummyimage.com/293x676.png/cc0000/ffffff', 'Donec dapibus. Duis at velit eu est congue elementum. In hac habitasse platea dictumst. Morbi vestibulum, velit id pretium iaculis, diam erat fermentum justo, nec condimentum neque sapien placerat ante. Nulla justo. Aliquam quis turpis eget elit sodales scelerisque.', 534, 0.13);
insert into books (id, pub_date, is_bestseller,  slug, title, image, description, price, discount) values (27, '11/04/2015', 1, 'book-859-jip', 'Sunset Strip', 'http://dummyimage.com/536x275.png/dddddd/000000', 'Nam dui. Proin leo odio, porttitor id, consequat in, consequat ut, nulla. Sed accumsan felis. Ut at dolor quis odio consequat varius. Integer ac leo. Pellentesque ultrices mattis odio.', 1535, 0.18);
insert into books (id, pub_date, is_bestseller,  slug, title, image, description, price, discount) values (28, '10/02/2016', 0, 'book-067-lzs', 'America Before Columbus', 'http://dummyimage.com/334x289.png/dddddd/000000', 'Morbi quis tortor id nulla ultrices aliquet. Maecenas leo odio, condimentum id, luctus nec, molestie sed, justo. Pellentesque viverra pede ac diam. Cras pellentesque volutpat dui. Maecenas tristique, est et tempus semper, est quam pharetra magna, ac consequat metus sapien ut nunc.', 2361, 0.45);
insert into books (id, pub_date, is_bestseller,  slug, title, image, description, price, discount) values (29, '23/11/2020', 0, 'book-310-eyt', 'Dead Ahead: The Exxon Valdez Disaster', 'http://dummyimage.com/716x720.png/dddddd/000000', 'Quisque porta volutpat erat. Quisque erat eros, viverra eget, congue eget, semper rutrum, nulla. Nunc purus. Phasellus in felis. Donec semper sapien a libero.', 1431, 0.24);
insert into books (id, pub_date, is_bestseller,  slug, title, image, description, price, discount) values (30, '18/02/2014', 0, 'book-920-waz', 'Covenant, The', 'http://dummyimage.com/458x769.png/cc0000/ffffff', 'Proin interdum mauris non ligula pellentesque ultrices. Phasellus id sapien in sapien iaculis congue. Vivamus metus arcu, adipiscing molestie, hendrerit at, vulputate vitae, nisl. Aenean lectus. Pellentesque eget nunc. Donec quis orci eget orci vehicula condimentum.', 513, 0.45);
insert into books (id, pub_date, is_bestseller,  slug, title, image, description, price, discount) values (31, '06/06/2014', 0, 'book-016-ary', 'Trick', 'http://dummyimage.com/712x660.png/ff4444/ffffff', 'Vivamus tortor. Duis mattis egestas metus. Aenean fermentum. Donec ut mauris eget massa tempor convallis. Nulla neque libero, convallis eget, eleifend luctus, ultricies eu, nibh.', 938, 0);
insert into books (id, pub_date, is_bestseller,  slug, title, image, description, price, discount) values (32, '07/10/2016', 1, 'book-024-wja', 'Suburban Commando', 'http://dummyimage.com/452x336.png/cc0000/ffffff', 'Praesent blandit. Nam nulla. Integer pede justo, lacinia eget, tincidunt eget, tempus vel, pede. Morbi porttitor lorem id ligula. Suspendisse ornare consequat lectus.', 2192, 0.21);
insert into books (id, pub_date, is_bestseller,  slug, title, image, description, price, discount) values (33, '30/01/2020', 0, 'book-040-tpk', 'Christmas Carol, A', 'http://dummyimage.com/779x339.png/dddddd/000000', 'Quisque erat eros, viverra eget, congue eget, semper rutrum, nulla. Nunc purus. Phasellus in felis. Donec semper sapien a libero. Nam dui.', 376, 0.27);
insert into books (id, pub_date, is_bestseller,  slug, title, image, description, price, discount) values (34, '04/06/2013', 1, 'book-273-hxd', 'May 6th (06/05)', 'http://dummyimage.com/590x696.png/ff4444/ffffff', 'Nulla tempus. Vivamus in felis eu sapien cursus vestibulum. Proin eu mi. Nulla ac enim. In tempor, turpis nec euismod scelerisque, quam turpis adipiscing lorem, vitae mattis nibh ligula nec sem. Duis aliquam convallis nunc.', 2333, 0.44);
insert into books (id, pub_date, is_bestseller,  slug, title, image, description, price, discount) values (35, '27/02/2018', 1, 'book-173-qwk', 'Jamie Marks Is Dead', 'http://dummyimage.com/343x330.png/dddddd/000000', 'Pellentesque ultrices mattis odio. Donec vitae nisi. Nam ultrices, libero non mattis pulvinar, nulla pede ullamcorper augue, a suscipit nulla elit ac nulla. Sed vel enim sit amet nunc viverra dapibus. Nulla suscipit ligula in lacus. Curabitur at ipsum ac tellus semper interdum.', 110, 0.16);
insert into books (id, pub_date, is_bestseller,  slug, title, image, description, price, discount) values (36, '01/02/2022', 0, 'book-226-paa', 'A Viking Saga: The Darkest Day', 'http://dummyimage.com/449x712.png/ff4444/ffffff', 'Nullam orci pede, venenatis non, sodales sed, tincidunt eu, felis. Fusce posuere felis sed lacus. Morbi sem mauris, laoreet ut, rhoncus aliquet, pulvinar sed, nisl. Nunc rhoncus dui vel sem. Sed sagittis.', 1983, 0.34);
insert into books (id, pub_date, is_bestseller,  slug, title, image, description, price, discount) values (37, '15/04/2015', 0, 'book-430-dvd', 'Soldier Blue', 'http://dummyimage.com/375x628.png/dddddd/000000', 'Maecenas ut massa quis augue luctus tincidunt. Nulla mollis molestie lorem. Quisque ut erat. Curabitur gravida nisi at nibh. In hac habitasse platea dictumst.', 1094, 0);
insert into books (id, pub_date, is_bestseller,  slug, title, image, description, price, discount) values (38, '12/08/2019', 0, 'book-771-nti', '10 to Midnight', 'http://dummyimage.com/701x272.png/ff4444/ffffff', 'Maecenas leo odio, condimentum id, luctus nec, molestie sed, justo. Pellentesque viverra pede ac diam. Cras pellentesque volutpat dui. Maecenas tristique, est et tempus semper, est quam pharetra magna, ac consequat metus sapien ut nunc. Vestibulum ante ipsum primis in faucibus orci luctus et ultrices posuere cubilia Curae; Mauris viverra diam vitae quam. Suspendisse potenti.', 1827, 0.18);
insert into books (id, pub_date, is_bestseller,  slug, title, image, description, price, discount) values (39, '05/03/2016', 1, 'book-719-gkl', 'Life is a Bed of Roses (Vie est un roman, La)', 'http://dummyimage.com/438x799.png/dddddd/000000', 'Morbi quis tortor id nulla ultrices aliquet. Maecenas leo odio, condimentum id, luctus nec, molestie sed, justo. Pellentesque viverra pede ac diam. Cras pellentesque volutpat dui. Maecenas tristique, est et tempus semper, est quam pharetra magna, ac consequat metus sapien ut nunc.', 678, 0.5);
insert into books (id, pub_date, is_bestseller,  slug, title, image, description, price, discount) values (40, '12/05/2012', 1, 'book-053-wvc', 'The Gamers', 'http://dummyimage.com/320x364.png/dddddd/000000', 'Etiam faucibus cursus urna. Ut tellus. Nulla ut erat id mauris vulputate elementum. Nullam varius. Nulla facilisi. Cras non velit nec nisi vulputate nonummy.', 991, 0.3);
insert into books (id, pub_date, is_bestseller,  slug, title, image, description, price, discount) values (41, '08/06/2022', 0, 'book-305-fpr', 'Unfaithful', 'http://dummyimage.com/649x769.png/ff4444/ffffff', 'Duis aliquam convallis nunc. Proin at turpis a pede posuere nonummy. Integer non velit. Donec diam neque, vestibulum eget, vulputate ut, ultrices vel, augue. Vestibulum ante ipsum primis in faucibus orci luctus et ultrices posuere cubilia Curae; Donec pharetra, magna vestibulum aliquet ultrices, erat tortor sollicitudin mi, sit amet lobortis sapien sapien non mi.', 1612, 0.45);
insert into books (id, pub_date, is_bestseller,  slug, title, image, description, price, discount) values (42, '02/11/2020', 0, 'book-067-jeu', 'Jarhead', 'http://dummyimage.com/260x392.png/dddddd/000000', 'In congue. Etiam justo. Etiam pretium iaculis justo. In hac habitasse platea dictumst. Etiam faucibus cursus urna. Ut tellus.', 987, 0);

insert into book2author (id, author_id, book_id, sort_index) values (1, 1, 1, 1);
insert into book2author (id, author_id, book_id, sort_index) values (2, 2, 1, 2);
insert into book2author (id, author_id, book_id, sort_index) values (3, 3, 2, 1);
insert into book2author (id, author_id, book_id, sort_index) values (4, 4, 3, 1);
insert into book2author (id, author_id, book_id, sort_index) values (5, 5, 3, 2);
insert into book2author (id, author_id, book_id, sort_index) values (6, 6, 4, 1);
insert into book2author (id, author_id, book_id, sort_index) values (7, 7, 5, 1);
insert into book2author (id, author_id, book_id, sort_index) values (8, 8, 5, 2);
insert into book2author (id, author_id, book_id, sort_index) values (9, 9, 6, 1);
insert into book2author (id, author_id, book_id, sort_index) values (10, 10, 7, 1);
insert into book2author (id, author_id, book_id, sort_index) values (11, 11, 8, 1);
insert into book2author (id, author_id, book_id, sort_index) values (12, 12, 9, 1);
insert into book2author (id, author_id, book_id, sort_index) values (13, 13, 10, 1);
insert into book2author (id, author_id, book_id, sort_index) values (14, 14, 11, 1);
insert into book2author (id, author_id, book_id, sort_index) values (15, 15, 12, 1);
insert into book2author (id, author_id, book_id, sort_index) values (16, 16, 13, 1);
insert into book2author (id, author_id, book_id, sort_index) values (17, 17, 14, 1);
insert into book2author (id, author_id, book_id, sort_index) values (18, 18, 15, 1);
insert into book2author (id, author_id, book_id, sort_index) values (19, 19, 16, 1);
insert into book2author (id, author_id, book_id, sort_index) values (20, 20, 17, 1);
insert into book2author (id, author_id, book_id, sort_index) values (21, 21, 18, 1);
insert into book2author (id, author_id, book_id, sort_index) values (22, 1, 19, 1);
insert into book2author (id, author_id, book_id, sort_index) values (23, 2, 20, 1);
insert into book2author (id, author_id, book_id, sort_index) values (24, 3, 21, 1);
insert into book2author (id, author_id, book_id, sort_index) values (25, 4, 22, 1);
insert into book2author (id, author_id, book_id, sort_index) values (26, 5, 23, 1);
insert into book2author (id, author_id, book_id, sort_index) values (27, 6, 24, 1);
insert into book2author (id, author_id, book_id, sort_index) values (28, 7, 25, 1);
insert into book2author (id, author_id, book_id, sort_index) values (29, 8, 26, 1);
insert into book2author (id, author_id, book_id, sort_index) values (30, 9, 27, 1);
insert into book2author (id, author_id, book_id, sort_index) values (31, 10, 28, 1);
insert into book2author (id, author_id, book_id, sort_index) values (32, 11, 29, 1);
insert into book2author (id, author_id, book_id, sort_index) values (33, 12, 30, 1);
insert into book2author (id, author_id, book_id, sort_index) values (34, 13, 31, 1);
insert into book2author (id, author_id, book_id, sort_index) values (35, 14, 32, 1);
insert into book2author (id, author_id, book_id, sort_index) values (36, 15, 33, 1);
insert into book2author (id, author_id, book_id, sort_index) values (37, 16, 34, 1);
insert into book2author (id, author_id, book_id, sort_index) values (38, 17, 35, 1);
insert into book2author (id, author_id, book_id, sort_index) values (39, 18, 36, 1);
insert into book2author (id, author_id, book_id, sort_index) values (40, 19, 37, 1);
insert into book2author (id, author_id, book_id, sort_index) values (41, 20, 38, 1);
insert into book2author (id, author_id, book_id, sort_index) values (42, 21, 39, 1);
insert into book2author (id, author_id, book_id, sort_index) values (43, 20, 40, 1);
insert into book2author (id, author_id, book_id, sort_index) values (44, 1, 41, 1);
insert into book2author (id, author_id, book_id, sort_index) values (45, 2, 42, 1);